{
    "text": "只要35体验一把当贵宾的感觉而且6岁以下儿童不用买票人均只要17.5进站咱就走商务座专用通道候车你就在商务候车厅饮料也能无限畅饮商务舱内部一车厢就6个座每人都有自己的私密空间煮饭这不就解决了吃饱喝足了就到站了",
    "segments": [
        {
            "id": 0,
            "seek": 0,
            "start": 0.0,
            "end": 2.88,
            "text": "只要35体验一把当贵宾的感觉",
            "tokens": [
                50364,
                14003,
                4275,
                8794,
                29485,
                49657,
                234,
                2257,
                16075,
                16233,
                18464,
                113,
                2415,
                122,
                1546,
                9709,
                24447,
                50508
            ],
            "temperature": 0.0,
            "avg_logprob": -0.1715410417980618,
            "compression_ratio": 1.2181069958847737,
            "no_speech_prob": 0.2864879369735718
        },
        {
            "id": 1,
            "seek": 0,
            "start": 2.88,
            "end": 5.5200000000000005,
            "text": "而且6岁以下儿童不用买票",
            "tokens": [
                50508,
                22942,
                21,
                23182,
                223,
                3588,
                4438,
                22933,
                11957,
                98,
                24384,
                2930,
                108,
                41925,
                50640
            ],
            "temperature": 0.0,
            "avg_logprob": -0.1715410417980618,
            "compression_ratio": 1.2181069958847737,
            "no_speech_prob": 0.2864879369735718
        },
        {
            "id": 2,
            "seek": 0,
            "start": 5.5200000000000005,
            "end": 7.36,
            "text": "人均只要17.5",
            "tokens": [
                50640,
                4035,
                14872,
                229,
                14003,
                4275,
                7773,
                13,
                20,
                50732
            ],
            "temperature": 0.0,
            "avg_logprob": -0.1715410417980618,
            "compression_ratio": 1.2181069958847737,
            "no_speech_prob": 0.2864879369735718
        },
        {
            "id": 3,
            "seek": 0,
            "start": 7.36,
            "end": 10.48,
            "text": "进站咱就走商务座专用通道",
            "tokens": [
                50732,
                36700,
                34155,
                8975,
                109,
                3111,
                9575,
                45581,
                5087,
                94,
                6346,
                100,
                940,
                241,
                9254,
                19550,
                6025,
                50888
            ],
            "temperature": 0.0,
            "avg_logprob": -0.1715410417980618,
            "compression_ratio": 1.2181069958847737,
            "no_speech_prob": 0.2864879369735718
        },
        {
            "id": 4,
            "seek": 0,
            "start": 10.48,
            "end": 12.72,
            "text": "候车你就在商务候车厅",
            "tokens": [
                50888,
                11238,
                17819,
                99,
                41045,
                3581,
                45581,
                5087,
                94,
                11238,
                17819,
                99,
                5014,
                227,
                51000
            ],
            "temperature": 0.0,
            "avg_logprob": -0.1715410417980618,
            "compression_ratio": 1.2181069958847737,
            "no_speech_prob": 0.2864879369735718
        },
        {
            "id": 5,
            "seek": 0,
            "start": 12.72,
            "end": 14.48,
            "text": "饮料也能无限畅饮",
            "tokens": [
                51000,
                41520,
                106,
                33404,
                6404,
                8225,
                31364,
                43446,
                6904,
                227,
                41520,
                106,
                51088
            ],
            "temperature": 0.0,
            "avg_logprob": -0.1715410417980618,
            "compression_ratio": 1.2181069958847737,
            "no_speech_prob": 0.2864879369735718
        },
        {
            "id": 6,
            "seek": 0,
            "start": 14.48,
            "end": 16.96,
            "text": "商务舱内部一车厢就6个座",
            "tokens": [
                51088,
                45581,
                5087,
                94,
                10256,
                109,
                34742,
                13470,
                2257,
                17819,
                99,
                5014,
                95,
                3111,
                21,
                7549,
                6346,
                100,
                51212
            ],
            "temperature": 0.0,
            "avg_logprob": -0.1715410417980618,
            "compression_ratio": 1.2181069958847737,
            "no_speech_prob": 0.2864879369735718
        },
        {
            "id": 7,
            "seek": 0,
            "start": 16.96,
            "end": 19.36,
            "text": "每人都有自己的私密空间",
            "tokens": [
                51212,
                23664,
                4035,
                48121,
                17645,
                1546,
                20083,
                47838,
                23322,
                31685,
                51332
            ],
            "temperature": 0.0,
            "avg_logprob": -0.1715410417980618,
            "compression_ratio": 1.2181069958847737,
            "no_speech_prob": 0.2864879369735718
        },
        {
            "id": 8,
            "seek": 0,
            "start": 19.36,
            "end": 21.2,
            "text": "煮饭这不就解决了",
            "tokens": [
                51332,
                17867,
                106,
                41520,
                255,
                5562,
                1960,
                3111,
                17278,
                5676,
                111,
                2289,
                51424
            ],
            "temperature": 0.0,
            "avg_logprob": -0.1715410417980618,
            "compression_ratio": 1.2181069958847737,
            "no_speech_prob": 0.2864879369735718
        },
        {
            "id": 9,
            "seek": 0,
            "start": 21.2,
            "end": 23.28,
            "text": "吃饱喝足了就到站了",
            "tokens": [
                51424,
                10123,
                41520,
                109,
                26784,
                37236,
                2289,
                45918,
                34155,
                2289,
                51528
            ],
            "temperature": 0.0,
            "avg_logprob": -0.1715410417980618,
            "compression_ratio": 1.2181069958847737,
            "no_speech_prob": 0.2864879369735718
        }
    ],
    "language": "zh"
}